{
    "C": {
        "mass": 12.0,
        "iso": [
            [0.0, 0.9893],
            [1.003355, 0.0107]
        ]
    },
    "H": {
        "mass": 1.007825,
        "iso": [
            [0.0, 0.999885],
            [1.006277, 0.000115]
        ]
    },
    "N": {
        "mass": 14.003074,
        "iso": [
            [0.0, 0.99632],
            [0.997035, 0.00368]
        ]
    },
    "O": {
        "mass": 15.9949146,
        "iso": [
            [0.0, 0.99757],
            [1.004246, 0.00038],
            [2.004246, 0.00205]
        ]
    },
    "F": {
        "mass": 18.9984032,
        "iso": [
            [0.0, 1.0]
        ]
    },
    "P": {
        "mass": 30.973762,
        "iso": [
            [0.0, 1.0]
        ]
    },
    "S": {
        "mass": 31.972071,
        "iso": [
            [0.0, 0.9493],
            [0.999387, 0.0076],
            [1.995796, 0.0429],
            [3.99501, 0.0002]
        ]
    },
    "Cl": {
        "mass": 34.9688527,
        "iso": [
            [0.0, 0.7578],
            [1.99705, 0.2422]
        ]
    },
    "Br": {
        "mass": 79.904,
        "iso": [
            [0.0, 0.5069],
            [1.997954, 0.4931]
        ]
    },
    "Na": {
        "mass": 22.9897693,
        "iso": [
            [0.0, 1.0]
        ]
    },
    "K": {
        "mass": 39.0983,
        "iso": [
            [0.0, 0.93258],
            [1.99812, 0.000117],
            [0.999, 0.0673]
        ]
    }
}